{"_wandb":{"runtime":240},"_timestamp":1.748414877652181e+09,"_runtime":239.561339346,"_step":13,"train_samples_per_second":1.124,"train_loss":0.10290396801726522,"train/global_step":66,"train/grad_norm":0.00034694033092819154,"train/learning_rate":2.125956484857083e-07,"train_runtime":240.2244,"train/loss":0,"train/epoch":2.9333333333333336,"train_steps_per_second":0.275,"total_flos":6.222618512326656e+15}