{"train_runtime":283.6198,"_wandb":{"runtime":283},"train/loss":0.5099,"train_loss":0.5098589420318603,"train/learning_rate":0,"_runtime":282.911133411,"_step":1,"train_steps_per_second":0.035,"train/epoch":3.5555555555555554,"train_samples_per_second":1.587,"total_flos":7.46010452164608e+15,"train/global_step":10,"_timestamp":1.7484132738089163e+09,"train/grad_norm":0.13127443194389343}